modelo,cv_f1_macro,test_accuracy,test_f1_macro
GradientBoosting,0.2666666666666666,0.7142857142857143,0.7111111111111111
RandomForest,0.5111111111111111,0.42857142857142855,0.43333333333333335
SVC,0.5111111111111111,0.42857142857142855,0.35714285714285715
