modelo,cv_rmse,test_rmse,test_mae,test_r2
ElasticNet,75.84707066142334,37.87756794520356,31.43037219218851,0.923095068383645
Ridge,89.56508436951408,39.37203262921826,35.75414426740527,0.9169067604307775
GradientBoosting,135.91573001992757,51.71553214465836,38.34346720727545,0.8566386723654569
RandomForest,152.40868733616534,67.41410842087744,44.59178684807258,0.7563919648988113
SVR,200.79427889084647,141.1283179375837,99.86119262518748,-0.06762405190388843
